word,so_ved_sut,min_freq,tot_freq
sarvAsAm,0.0055,10,79
ASA,0.0072,10,104
praTamam,0.0075,34,363
fk,0.0078,10,95
hata,0.0081,11,688
diS,0.0083,22,144
vfkzasya,0.0084,12,58
samyak,0.0087,11,620
BUtaH,0.0088,10,252
anyasya,0.009,18,153
sTitam,0.0091,14,369
janma,0.0092,14,489
cittam,0.0094,12,145
sTAnam,0.0098,11,476
jIvati,0.0098,13,246
prayacCati,0.0101,12,135
rUpe,0.0103,10,116
aNgAni,0.0103,11,134
manyate,0.0105,15,270
SlokaH,0.0107,14,92
etAvat,0.011,12,230
agnIn,0.0111,13,108
DAtuH,0.0111,11,67
samAna,0.0111,18,208
asati,0.0112,13,75
dfSyate,0.0113,12,570
DUma,0.0113,12,105
pApam,0.0114,15,580
jihvA,0.0114,10,157
udakam,0.0116,29,282
SradDA,0.0119,12,178
BUtam,0.0119,46,520
jAtam,0.0119,21,350
sarvadA,0.012,16,184
paSyati,0.0121,12,479
annasya,0.0121,14,103
ftvijaH,0.0121,11,125
AsAm,0.0122,19,151
cakre,0.0122,14,642
BUtAni,0.0122,32,814
kurvIta,0.0123,11,204
rAtrim,0.0123,10,139
AyuzaH,0.0123,10,118
uBO,0.0124,31,827
anyezAm,0.0124,15,160
kurute,0.0124,20,370
icCanti,0.0125,11,190
balena,0.0125,13,341
a,0.0127,678,5615
varRaH,0.0127,11,142
itTam,0.013,11,49
anyAn,0.013,14,399
sve,0.0131,15,195
juhvati,0.0132,17,86
balim,0.0134,10,151
bIjam,0.0137,13,131
nA,0.0137,20,1338
Aste,0.0138,10,166
sADanam,0.0139,11,194
ced,0.0139,26,1269
