word,so_ved_sut,jac_ved_sut,proc_ved_sut,min_freq,tot_freq
ity,0.073,0.9796,0.2873,319,4420
tAm,0.0599,0.913,0.2599,10,791
brahma,0.0536,0.8889,0.3167,125,1128
vAk,0.0496,0.913,0.2687,27,161
soma,0.0485,0.8636,0.3158,10,591
brahmaRA,0.044,0.8889,0.2641,20,326
yajYasya,0.0437,0.8889,0.1353,26,363
dakziRe,0.0434,0.9362,0.3882,13,136
indraH,0.0431,0.8889,0.2551,10,350
indro,0.042,0.9362,0.2405,10,719
devA,0.0413,0.7179,0.1769,79,1356
vAcA,0.0403,0.913,0.2104,30,417
devAn,0.0401,0.75,0.1761,23,494
somo,0.0397,0.9362,0.2999,20,347
so,0.0392,0.9796,0.2415,99,2335
kartA,0.036,0.9583,0.3714,15,230
yajYe,0.0357,0.7805,0.1443,13,287
tvA,0.0357,0.913,0.2503,37,1955
devAH,0.0347,0.75,0.2017,30,723
dakziRA,0.0338,0.9362,0.3441,17,262
yajamAnasya,0.0334,0.8636,0.1354,18,123
yas,0.0327,0.8636,0.2393,35,1013
yo,0.0325,0.9362,0.3117,315,4143
rAjA,0.0322,0.9362,0.3301,44,3136
pfTivI,0.0288,0.8636,0.2865,72,660
brahmaRe,0.0286,0.8636,0.205,14,86
kAma,0.0285,0.8889,0.1796,12,118
Ahur,0.0283,1.0,0.1676,12,583
sAma,0.0279,1.0,0.2528,23,355
namo,0.0278,0.8636,0.1174,12,472
agnir,0.0276,0.75,0.1246,26,827
prajApatir,0.0272,0.9583,0.2341,26,236
yajYo,0.0272,0.6842,0.1574,22,269
me,0.0266,0.9796,0.1428,182,7081
astu,0.0266,0.8889,0.1798,18,623
vAci,0.0264,0.8889,0.149,10,61
ta,0.0264,0.8372,0.2253,99,855
bfhaspatiH,0.026,0.9362,0.1785,10,168
brahmA,0.0255,0.8636,0.2248,28,444
prajA,0.0254,0.7179,0.201,24,344
veda,0.0254,0.9796,0.2027,36,1085
Bavaty,0.0253,1.0,0.1806,47,397
ato,0.0246,0.9583,0.2552,47,562
tapaH,0.0246,0.9583,0.218,11,314
brAhmaRA,0.0246,0.9583,0.1567,15,286
yAvad,0.0245,0.9362,0.1755,18,325
patiH,0.0236,0.9583,0.2014,13,188
devAnAM,0.0236,0.8636,0.132,13,419
ya,0.0236,0.3871,0.286,104,1919
devatA,0.0233,0.6842,0.1514,52,274
gAyatrI,0.0231,1.0,0.2195,12,138
varuRaH,0.023,0.8372,0.2433,10,102
sa,0.023,0.5714,0.3053,749,17243
karoti,0.023,0.9583,0.2403,41,556
gacCati,0.0228,0.8889,0.1688,27,471
lokam,0.0224,0.913,0.1905,19,354
jyotir,0.0224,0.9362,0.1869,28,323
svAhA,0.0222,0.9362,0.1035,29,583
vAyur,0.0219,0.9362,0.1207,13,323
prajApatiH,0.0218,0.9362,0.2115,15,291
